,Ticker
0,STXGOV.JO
0,SYG.JO
0,STXGOV.JO
0,SYGEMF.JO
0,SYG.JO
0,ETFSAP.JO
0,STXGOV.JO
0,GIVISA.JO
0,STXQUA.JO
0,SYG4IR.JO
0,ETFSWX.JO
0,NFGOVI.JO
0,NFTRCI.JO
0,SYG500.JO
0,SYGUS.JO
0,CSPROP.JO
0,SYGEMF.JO
0,SYGP.JO
0,SYG.JO
0,ETFSAP.JO
0,STXGOV.JO
0,GIVISA.JO
0,STXQUA.JO
0,SYG4IR.JO
0,ETFSWX.JO
0,NFGOVI.JO
0,NFTRCI.JO
0,SYG500.JO
0,SYG.JO
0,ETFSAP.JO
0,STXGOV.JO
0,GIVISA.JO
0,SYG.JO
0,ETFSAP.JO
0,SYG.JO
0,SYG.JO
0,ETFSAP.JO
0,SYG.JO
0,ETFSAP.JO
0,SYG.JO
0,ETFSAP.JO
0,STXGOV.JO
0,GIVISA.JO
0,STXQUA.JO
0,SYG4IR.JO
0,ETFSWX.JO
0,NFGOVI.JO
0,NFTRCI.JO
0,SYG500.JO
0,SYGUS.JO
0,CSPROP.JO
0,SYGEMF.JO
0,SYGP.JO
0,SYG.JO
0,ETFSAP.JO
0,SYG.JO
0,ETFSAP.JO
0,SYG.JO
0,ETFSAP.JO
0,SYG.JO
0,ETFSAP.JO
0,SYG.JO
0,SYG.JO
0,STXGOV.JO
0,MCG.JO
0,PRX.JO
0,MTNZF.JO
0,NY1.JO
0,N91.JO
0,OMU.JO
0,QLT.JO
0,SZK.JO
0,SBP.JO
